url,num_of_posts,posts_to_not_include,start_date,end_date,what_to_collect,post_type
https://www.tiktok.com/@yuj_224,1,,02-01-2025,03-21-2025,Posts,
https://www.tiktok.com/@wnsgml9054,1,,02-01-2025,03-21-2025,Posts,
https://www.tiktok.com/@okdick,1,,02-01-2025,03-21-2025,Posts,
https://www.tiktok.com/@sukidayo.7,1,,02-01-2025,03-21-2025,Posts,
https://www.tiktok.com/@johan_05_7,1,,02-01-2025,03-21-2025,Posts,
https://www.tiktok.com/@user703568430,1,,02-01-2025,03-21-2025,Posts,
https://www.tiktok.com/@user4967362508153,1,,02-01-2025,03-21-2025,Posts,
https://www.tiktok.com/@user80331582783832,1,,02-01-2025,03-21-2025,Posts,
https://www.tiktok.com/@kao111314,1,,02-01-2025,03-21-2025,Posts,
https://www.tiktok.com/@user483764106,1,,02-01-2025,03-21-2025,Posts,
https://www.tiktok.com/@hqy3030ysq,1,,02-01-2025,03-21-2025,Posts,
https://www.tiktok.com/@ffssnsndjdndddddaa,1,,02-01-2025,03-21-2025,Posts,
https://www.tiktok.com/@user59996678237792,1,,02-01-2025,03-21-2025,Posts,
https://www.tiktok.com/@dystr1ofn8pr,1,,02-01-2025,03-21-2025,Posts,
https://www.tiktok.com/@user757377073494,1,,02-01-2025,03-21-2025,Posts,
https://www.tiktok.com/@user2556747435957,1,,02-01-2025,03-21-2025,Posts,
https://www.tiktok.com/@lsy687,1,,02-01-2025,03-21-2025,Posts,
https://www.tiktok.com/@bulmax52gg,1,,02-01-2025,03-21-2025,Posts,
https://www.tiktok.com/@iksm1,1,,02-01-2025,03-21-2025,Posts,
https://www.tiktok.com/@jinn_antonio,1,,02-01-2025,03-21-2025,Posts,
https://www.tiktok.com/@echbua,1,,02-01-2025,03-21-2025,Posts,
https://www.tiktok.com/@lin11o2lin,1,,02-01-2025,03-21-2025,Posts,
https://www.tiktok.com/@phatthanaphon09,1,,02-01-2025,03-21-2025,Posts,
https://www.tiktok.com/@cvhop3,1,,02-01-2025,03-21-2025,Posts,
https://www.tiktok.com/@mickeymickey_mo_line,1,,02-01-2025,03-21-2025,Posts,
https://www.tiktok.com/@andylee.angelhunter,1,,02-01-2025,03-21-2025,Posts,
https://www.tiktok.com/@user6553818052141,1,,02-01-2025,03-21-2025,Posts,
https://www.tiktok.com/@behknquxcfilorvy0,1,,02-01-2025,03-21-2025,Posts,
https://www.tiktok.com/@onlyou05.24love,1,,02-01-2025,03-21-2025,Posts,
https://www.tiktok.com/@suwjnznx,1,,02-01-2025,03-21-2025,Posts,
https://www.tiktok.com/@yinhaoyangyin,1,,02-01-2025,03-21-2025,Posts,
https://www.tiktok.com/@khg57484,1,,02-01-2025,03-21-2025,Posts,
https://www.tiktok.com/@haellwwg95m,1,,02-01-2025,03-21-2025,Posts,
https://www.tiktok.com/@user97765028486581,1,,02-01-2025,03-21-2025,Posts,
https://www.tiktok.com/@hgfhfbfre,1,,02-01-2025,03-21-2025,Posts,
https://www.tiktok.com/@gghskdjejaa,1,,02-01-2025,03-21-2025,Posts,
https://www.tiktok.com/@dyr.925,1,,02-01-2025,03-21-2025,Posts,
https://www.tiktok.com/@user4515811133333,1,,02-01-2025,03-21-2025,Posts,
https://www.tiktok.com/@c.c.y03_13,1,,02-01-2025,03-21-2025,Posts,
https://www.tiktok.com/@ronoroazoro5,1,,02-01-2025,03-21-2025,Posts,
https://www.tiktok.com/@user53950372479822,1,,02-01-2025,03-21-2025,Posts,
https://www.tiktok.com/@hsu_0618,1,,02-01-2025,03-21-2025,Posts,
https://www.tiktok.com/@mnbvcxz3737,1,,02-01-2025,03-21-2025,Posts,
https://www.tiktok.com/@950212felix,1,,02-01-2025,03-21-2025,Posts,
https://www.tiktok.com/@ngmehedi6,1,,02-01-2025,03-21-2025,Posts,
https://www.tiktok.com/@zhe12008819,1,,02-01-2025,03-21-2025,Posts,
https://www.tiktok.com/@0..305,1,,02-01-2025,03-21-2025,Posts,
https://www.tiktok.com/@foxlike2024,1,,02-01-2025,03-21-2025,Posts,
https://www.tiktok.com/@user9018256871361,1,,02-01-2025,03-21-2025,Posts,
https://www.tiktok.com/@iwantyou0526,1,,02-01-2025,03-21-2025,Posts,
https://www.tiktok.com/@xiangmin0704,1,,02-01-2025,03-21-2025,Posts,
https://www.tiktok.com/@kaihou121122,1,,02-01-2025,03-21-2025,Posts,
https://www.tiktok.com/@shencheung,1,,02-01-2025,03-21-2025,Posts,
https://www.tiktok.com/@user206485816,1,,02-01-2025,03-21-2025,Posts,
https://www.tiktok.com/@atuttgpu,1,,02-01-2025,03-21-2025,Posts,
https://www.tiktok.com/@york0703,1,,02-01-2025,03-21-2025,Posts,
https://www.tiktok.com/@stevenchong2588,1,,02-01-2025,03-21-2025,Posts,
https://www.tiktok.com/@do_do_ruiiiii,1,,02-01-2025,03-21-2025,Posts,
https://www.tiktok.com/@calvinchaz107,1,,02-01-2025,03-21-2025,Posts,
https://www.tiktok.com/@junghoon340,1,,02-01-2025,03-21-2025,Posts,
https://www.tiktok.com/@user5798078006551,1,,02-01-2025,03-21-2025,Posts,
https://www.tiktok.com/@fiyapowawa,1,,02-01-2025,03-21-2025,Posts,
https://www.tiktok.com/@lygiahuy89a,1,,02-01-2025,03-21-2025,Posts,
https://www.tiktok.com/@user17438605,1,,02-01-2025,03-21-2025,Posts,
https://www.tiktok.com/@_811414_,1,,02-01-2025,03-21-2025,Posts,
https://www.tiktok.com/@azoboxaoxx12,1,,02-01-2025,03-21-2025,Posts,
https://www.tiktok.com/@an481999,1,,02-01-2025,03-21-2025,Posts,
https://www.tiktok.com/@princesshiyo,1,,02-01-2025,03-21-2025,Posts,
https://www.tiktok.com/@sima13308,1,,02-01-2025,03-21-2025,Posts,
https://www.tiktok.com/@mvp_now_mw01,1,,02-01-2025,03-21-2025,Posts,
https://www.tiktok.com/@arrru1992,1,,02-01-2025,03-21-2025,Posts,
https://www.tiktok.com/@kc5255,1,,02-01-2025,03-21-2025,Posts,
https://www.tiktok.com/@iliketacostaco,1,,02-01-2025,03-21-2025,Posts,
https://www.tiktok.com/@grape_q.q,1,,02-01-2025,03-21-2025,Posts,
https://www.tiktok.com/@user3845254907670,1,,02-01-2025,03-21-2025,Posts,
https://www.tiktok.com/@mentor43211,1,,02-01-2025,03-21-2025,Posts,
https://www.tiktok.com/@user5954235471339,1,,02-01-2025,03-21-2025,Posts,
https://www.tiktok.com/@kedo_chanuwusempai,1,,02-01-2025,03-21-2025,Posts,
https://www.tiktok.com/@reloou,1,,02-01-2025,03-21-2025,Posts,
https://www.tiktok.com/@mello0978,1,,02-01-2025,03-21-2025,Posts,
https://www.tiktok.com/@pipe._.gonzalez,1,,02-01-2025,03-21-2025,Posts,
https://www.tiktok.com/@yun.shwe.war,1,,02-01-2025,03-21-2025,Posts,
https://www.tiktok.com/@chill19307,1,,02-01-2025,03-21-2025,Posts,
https://www.tiktok.com/@yousif.yqoob,1,,02-01-2025,03-21-2025,Posts,
https://www.tiktok.com/@kaiwei0429,1,,02-01-2025,03-21-2025,Posts,
https://www.tiktok.com/@tea_scqrlet,1,,02-01-2025,03-21-2025,Posts,
https://www.tiktok.com/@kawagi1211,1,,02-01-2025,03-21-2025,Posts,
https://www.tiktok.com/@user5303068821500,1,,02-01-2025,03-21-2025,Posts,
https://www.tiktok.com/@zubara01z,1,,02-01-2025,03-21-2025,Posts,
https://www.tiktok.com/@user471634616192,1,,02-01-2025,03-21-2025,Posts,
https://www.tiktok.com/@joker00sr,1,,02-01-2025,03-21-2025,Posts,
https://www.tiktok.com/@userqlp7s4ikxy,1,,02-01-2025,03-21-2025,Posts,
https://www.tiktok.com/@kdjebat30,1,,02-01-2025,03-21-2025,Posts,
https://www.tiktok.com/@user5034426595813,1,,02-01-2025,03-21-2025,Posts,
https://www.tiktok.com/@jwjfixjdje,1,,02-01-2025,03-21-2025,Posts,
https://www.tiktok.com/@tfp33,1,,02-01-2025,03-21-2025,Posts,
https://www.tiktok.com/@user2195981820150,1,,02-01-2025,03-21-2025,Posts,
https://www.tiktok.com/@usern85rk8r5cd,1,,02-01-2025,03-21-2025,Posts,
https://www.tiktok.com/@sieucap.meme,1,,02-01-2025,03-21-2025,Posts,
https://www.tiktok.com/@user3716090983228,1,,02-01-2025,03-21-2025,Posts,
https://www.tiktok.com/@rollinggoodshit,1,,02-01-2025,03-21-2025,Posts,
https://www.tiktok.com/@usertoe1tw1zab,1,,02-01-2025,03-21-2025,Posts,
https://www.tiktok.com/@kelen_st_bm,1,,02-01-2025,03-21-2025,Posts,
https://www.tiktok.com/@tribao12345,1,,02-01-2025,03-21-2025,Posts,